,Frame Count Mean,Width Mean,Height Mean,File Size(MB) Mean
DeepFakeDetection,733.791,1920.0,1080.0,6.6376100000000005
Deepfakes,509.128,1036.348,636.718,1.90042
Face2Face,509.128,1030.912,636.718,1.8566599999999998
FaceShifter,509.128,1036.348,636.718,1.82796
FaceSwap,406.14,1036.348,636.718,1.56358
NeuralTextures,406.137,1030.912,636.718,1.45529
Original,509.128,1036.348,636.718,1.84677
